Sensor_Id,Sensor_Name,Upper_Node,Bottom_Node,Index,Dist,QRush,QMax
1,F1_2_1,1,2,1,5.829,"0    0.0016
Name: Qrush, dtype: float64","0    0.0032
Name: Qmax, dtype: float64"
2,F1_2_2,1,2,2,11.657,"0    0.0016
Name: Qrush, dtype: float64","0    0.0032
Name: Qmax, dtype: float64"
3,F1_2_3,1,2,3,17.486,"0    0.0016
Name: Qrush, dtype: float64","0    0.0032
Name: Qmax, dtype: float64"
4,F1_2_4,1,2,4,23.314,"0    0.0016
Name: Qrush, dtype: float64","0    0.0032
Name: Qmax, dtype: float64"
5,F1_2_5,1,2,5,29.143,"0    0.0016
Name: Qrush, dtype: float64","0    0.0032
Name: Qmax, dtype: float64"
6,F1_2_6,1,2,6,34.971,"0    0.0016
Name: Qrush, dtype: float64","0    0.0032
Name: Qmax, dtype: float64"
7,F2_3_1,2,3,1,7.029,"1    0.0027
Name: Qrush, dtype: float64","1    0.0054
Name: Qmax, dtype: float64"
8,F2_3_2,2,3,2,14.057,"1    0.0027
Name: Qrush, dtype: float64","1    0.0054
Name: Qmax, dtype: float64"
9,F2_3_3,2,3,3,21.086,"1    0.0027
Name: Qrush, dtype: float64","1    0.0054
Name: Qmax, dtype: float64"
10,F2_3_4,2,3,4,28.114,"1    0.0027
Name: Qrush, dtype: float64","1    0.0054
Name: Qmax, dtype: float64"
11,F2_3_5,2,3,5,35.143,"1    0.0027
Name: Qrush, dtype: float64","1    0.0054
Name: Qmax, dtype: float64"
12,F2_3_6,2,3,6,42.171,"1    0.0027
Name: Qrush, dtype: float64","1    0.0054
Name: Qmax, dtype: float64"
13,F3_5_1,3,5,1,4.783,"2    0.003
Name: Qrush, dtype: float64","2    0.006
Name: Qmax, dtype: float64"
14,F3_5_2,3,5,2,9.567,"2    0.003
Name: Qrush, dtype: float64","2    0.006
Name: Qmax, dtype: float64"
15,F3_5_3,3,5,3,14.35,"2    0.003
Name: Qrush, dtype: float64","2    0.006
Name: Qmax, dtype: float64"
16,F3_5_4,3,5,4,19.133,"2    0.003
Name: Qrush, dtype: float64","2    0.006
Name: Qmax, dtype: float64"
17,F3_5_5,3,5,5,23.917,"2    0.003
Name: Qrush, dtype: float64","2    0.006
Name: Qmax, dtype: float64"
18,F5_6_1,5,6,1,5.517,"4    0.0046
Name: Qrush, dtype: float64","4    0.0092
Name: Qmax, dtype: float64"
19,F5_6_2,5,6,2,11.033,"4    0.0046
Name: Qrush, dtype: float64","4    0.0092
Name: Qmax, dtype: float64"
20,F5_6_3,5,6,3,16.55,"4    0.0046
Name: Qrush, dtype: float64","4    0.0092
Name: Qmax, dtype: float64"
21,F5_6_4,5,6,4,22.067,"4    0.0046
Name: Qrush, dtype: float64","4    0.0092
Name: Qmax, dtype: float64"
22,F5_6_5,5,6,5,27.583,"4    0.0046
Name: Qrush, dtype: float64","4    0.0092
Name: Qmax, dtype: float64"
23,F4_5_1,4,5,1,7.243,"3    0.0012
Name: Qrush, dtype: float64","3    0.0024
Name: Qmax, dtype: float64"
24,F4_5_2,4,5,2,14.486,"3    0.0012
Name: Qrush, dtype: float64","3    0.0024
Name: Qmax, dtype: float64"
25,F4_5_3,4,5,3,21.729,"3    0.0012
Name: Qrush, dtype: float64","3    0.0024
Name: Qmax, dtype: float64"
26,F4_5_4,4,5,4,28.971,"3    0.0012
Name: Qrush, dtype: float64","3    0.0024
Name: Qmax, dtype: float64"
27,F4_5_5,4,5,5,36.214,"3    0.0012
Name: Qrush, dtype: float64","3    0.0024
Name: Qmax, dtype: float64"
28,F4_5_6,4,5,6,43.457,"3    0.0012
Name: Qrush, dtype: float64","3    0.0024
Name: Qmax, dtype: float64"
29,F6_8_1,6,8,1,5.45,"5    0.0054
Name: Qrush, dtype: float64","5    0.0108
Name: Qmax, dtype: float64"
30,F6_8_2,6,8,2,10.9,"5    0.0054
Name: Qrush, dtype: float64","5    0.0108
Name: Qmax, dtype: float64"
31,F6_8_3,6,8,3,16.35,"5    0.0054
Name: Qrush, dtype: float64","5    0.0108
Name: Qmax, dtype: float64"
32,F6_8_4,6,8,4,21.8,"5    0.0054
Name: Qrush, dtype: float64","5    0.0108
Name: Qmax, dtype: float64"
33,F6_8_5,6,8,5,27.25,"5    0.0054
Name: Qrush, dtype: float64","5    0.0108
Name: Qmax, dtype: float64"
34,F8_20_1,8,20,1,3.467,"7    0.0064
Name: Qrush, dtype: float64","7    0.0128
Name: Qmax, dtype: float64"
35,F8_20_2,8,20,2,6.933,"7    0.0064
Name: Qrush, dtype: float64","7    0.0128
Name: Qmax, dtype: float64"
36,F8_20_3,8,20,3,10.4,"7    0.0064
Name: Qrush, dtype: float64","7    0.0128
Name: Qmax, dtype: float64"
37,F8_20_4,8,20,4,13.867,"7    0.0064
Name: Qrush, dtype: float64","7    0.0128
Name: Qmax, dtype: float64"
38,F8_20_5,8,20,5,17.333,"7    0.0064
Name: Qrush, dtype: float64","7    0.0128
Name: Qmax, dtype: float64"
39,F7_8_1,7,8,1,7.586,"6    0.0008
Name: Qrush, dtype: float64","6    0.0016
Name: Qmax, dtype: float64"
40,F7_8_2,7,8,2,15.171,"6    0.0008
Name: Qrush, dtype: float64","6    0.0016
Name: Qmax, dtype: float64"
41,F7_8_3,7,8,3,22.757,"6    0.0008
Name: Qrush, dtype: float64","6    0.0016
Name: Qmax, dtype: float64"
42,F7_8_4,7,8,4,30.343,"6    0.0008
Name: Qrush, dtype: float64","6    0.0016
Name: Qmax, dtype: float64"
43,F7_8_5,7,8,5,37.929,"6    0.0008
Name: Qrush, dtype: float64","6    0.0016
Name: Qmax, dtype: float64"
44,F7_8_6,7,8,6,45.514,"6    0.0008
Name: Qrush, dtype: float64","6    0.0016
Name: Qmax, dtype: float64"
45,F20_21_1,20,21,1,5.192,"19    0.0066
Name: Qrush, dtype: float64","19    0.0132
Name: Qmax, dtype: float64"
46,F20_21_2,20,21,2,10.383,"19    0.0066
Name: Qrush, dtype: float64","19    0.0132
Name: Qmax, dtype: float64"
47,F20_21_3,20,21,3,15.575,"19    0.0066
Name: Qrush, dtype: float64","19    0.0132
Name: Qmax, dtype: float64"
48,F20_21_4,20,21,4,20.767,"19    0.0066
Name: Qrush, dtype: float64","19    0.0132
Name: Qmax, dtype: float64"
49,F20_21_5,20,21,5,25.958,"19    0.0066
Name: Qrush, dtype: float64","19    0.0132
Name: Qmax, dtype: float64"
50,F9_10_1,9,10,1,5.75,"8    0.0017
Name: Qrush, dtype: float64","8    0.0034
Name: Qmax, dtype: float64"
51,F9_10_2,9,10,2,11.5,"8    0.0017
Name: Qrush, dtype: float64","8    0.0034
Name: Qmax, dtype: float64"
52,F9_10_3,9,10,3,17.25,"8    0.0017
Name: Qrush, dtype: float64","8    0.0034
Name: Qmax, dtype: float64"
53,F9_10_4,9,10,4,23.0,"8    0.0017
Name: Qrush, dtype: float64","8    0.0034
Name: Qmax, dtype: float64"
54,F9_10_5,9,10,5,28.75,"8    0.0017
Name: Qrush, dtype: float64","8    0.0034
Name: Qmax, dtype: float64"
55,F10_11_1,10,11,1,5.829,"9    0.0028
Name: Qrush, dtype: float64","9    0.0056
Name: Qmax, dtype: float64"
56,F10_11_2,10,11,2,11.657,"9    0.0028
Name: Qrush, dtype: float64","9    0.0056
Name: Qmax, dtype: float64"
57,F10_11_3,10,11,3,17.486,"9    0.0028
Name: Qrush, dtype: float64","9    0.0056
Name: Qmax, dtype: float64"
58,F10_11_4,10,11,4,23.314,"9    0.0028
Name: Qrush, dtype: float64","9    0.0056
Name: Qmax, dtype: float64"
59,F10_11_5,10,11,5,29.143,"9    0.0028
Name: Qrush, dtype: float64","9    0.0056
Name: Qmax, dtype: float64"
60,F10_11_6,10,11,6,34.971,"9    0.0028
Name: Qrush, dtype: float64","9    0.0056
Name: Qmax, dtype: float64"
61,F11_12_1,11,12,1,5.9,"10    0.0035
Name: Qrush, dtype: float64","10    0.007
Name: Qmax, dtype: float64"
62,F11_12_2,11,12,2,11.8,"10    0.0035
Name: Qrush, dtype: float64","10    0.007
Name: Qmax, dtype: float64"
63,F11_12_3,11,12,3,17.7,"10    0.0035
Name: Qrush, dtype: float64","10    0.007
Name: Qmax, dtype: float64"
64,F11_12_4,11,12,4,23.6,"10    0.0035
Name: Qrush, dtype: float64","10    0.007
Name: Qmax, dtype: float64"
65,F11_12_5,11,12,5,29.5,"10    0.0035
Name: Qrush, dtype: float64","10    0.007
Name: Qmax, dtype: float64"
66,F12_14_1,12,14,1,6.629,"11    0.0044
Name: Qrush, dtype: float64","11    0.0088
Name: Qmax, dtype: float64"
67,F12_14_2,12,14,2,13.257,"11    0.0044
Name: Qrush, dtype: float64","11    0.0088
Name: Qmax, dtype: float64"
68,F12_14_3,12,14,3,19.886,"11    0.0044
Name: Qrush, dtype: float64","11    0.0088
Name: Qmax, dtype: float64"
69,F12_14_4,12,14,4,26.514,"11    0.0044
Name: Qrush, dtype: float64","11    0.0088
Name: Qmax, dtype: float64"
70,F12_14_5,12,14,5,33.143,"11    0.0044
Name: Qrush, dtype: float64","11    0.0088
Name: Qmax, dtype: float64"
71,F12_14_6,12,14,6,39.771,"11    0.0044
Name: Qrush, dtype: float64","11    0.0088
Name: Qmax, dtype: float64"
72,F14_17_1,14,17,1,5.167,"13    0.0054
Name: Qrush, dtype: float64","13    0.0108
Name: Qmax, dtype: float64"
73,F14_17_2,14,17,2,10.333,"13    0.0054
Name: Qrush, dtype: float64","13    0.0108
Name: Qmax, dtype: float64"
74,F14_17_3,14,17,3,15.5,"13    0.0054
Name: Qrush, dtype: float64","13    0.0108
Name: Qmax, dtype: float64"
75,F14_17_4,14,17,4,20.667,"13    0.0054
Name: Qrush, dtype: float64","13    0.0108
Name: Qmax, dtype: float64"
76,F14_17_5,14,17,5,25.833,"13    0.0054
Name: Qrush, dtype: float64","13    0.0108
Name: Qmax, dtype: float64"
77,F13_14_1,13,14,1,6.229,"12    0.0008
Name: Qrush, dtype: float64","12    0.0016
Name: Qmax, dtype: float64"
78,F13_14_2,13,14,2,12.457,"12    0.0008
Name: Qrush, dtype: float64","12    0.0016
Name: Qmax, dtype: float64"
79,F13_14_3,13,14,3,18.686,"12    0.0008
Name: Qrush, dtype: float64","12    0.0016
Name: Qmax, dtype: float64"
80,F13_14_4,13,14,4,24.914,"12    0.0008
Name: Qrush, dtype: float64","12    0.0016
Name: Qmax, dtype: float64"
81,F13_14_5,13,14,5,31.143,"12    0.0008
Name: Qrush, dtype: float64","12    0.0016
Name: Qmax, dtype: float64"
82,F13_14_6,13,14,6,37.371,"12    0.0008
Name: Qrush, dtype: float64","12    0.0016
Name: Qmax, dtype: float64"
83,F17_19_1,17,19,1,2.117,"16    0.0059
Name: Qrush, dtype: float64","16    0.0118
Name: Qmax, dtype: float64"
84,F17_19_2,17,19,2,4.233,"16    0.0059
Name: Qrush, dtype: float64","16    0.0118
Name: Qmax, dtype: float64"
85,F17_19_3,17,19,3,6.35,"16    0.0059
Name: Qrush, dtype: float64","16    0.0118
Name: Qmax, dtype: float64"
86,F17_19_4,17,19,4,8.467,"16    0.0059
Name: Qrush, dtype: float64","16    0.0118
Name: Qmax, dtype: float64"
87,F17_19_5,17,19,5,10.583,"16    0.0059
Name: Qrush, dtype: float64","16    0.0118
Name: Qmax, dtype: float64"
88,F15_16_1,15,16,1,6.45,"14    0.0004
Name: Qrush, dtype: float64","14    0.0008
Name: Qmax, dtype: float64"
89,F15_16_2,15,16,2,12.9,"14    0.0004
Name: Qrush, dtype: float64","14    0.0008
Name: Qmax, dtype: float64"
90,F15_16_3,15,16,3,19.35,"14    0.0004
Name: Qrush, dtype: float64","14    0.0008
Name: Qmax, dtype: float64"
91,F15_16_4,15,16,4,25.8,"14    0.0004
Name: Qrush, dtype: float64","14    0.0008
Name: Qmax, dtype: float64"
92,F15_16_5,15,16,5,32.25,"14    0.0004
Name: Qrush, dtype: float64","14    0.0008
Name: Qmax, dtype: float64"
93,F16_17_1,16,17,1,2.4,"15    0.0005
Name: Qrush, dtype: float64","15    0.001
Name: Qmax, dtype: float64"
94,F16_17_2,16,17,2,4.8,"15    0.0005
Name: Qrush, dtype: float64","15    0.001
Name: Qmax, dtype: float64"
95,F19_21_1,19,21,1,6.336,"18    0.0072
Name: Qrush, dtype: float64","18    0.0144
Name: Qmax, dtype: float64"
96,F19_21_2,19,21,2,12.671,"18    0.0072
Name: Qrush, dtype: float64","18    0.0144
Name: Qmax, dtype: float64"
97,F19_21_3,19,21,3,19.007,"18    0.0072
Name: Qrush, dtype: float64","18    0.0144
Name: Qmax, dtype: float64"
98,F19_21_4,19,21,4,25.343,"18    0.0072
Name: Qrush, dtype: float64","18    0.0144
Name: Qmax, dtype: float64"
99,F19_21_5,19,21,5,31.679,"18    0.0072
Name: Qrush, dtype: float64","18    0.0144
Name: Qmax, dtype: float64"
100,F19_21_6,19,21,6,38.014,"18    0.0072
Name: Qrush, dtype: float64","18    0.0144
Name: Qmax, dtype: float64"
101,F18_19_1,18,19,1,6.0,"17    0.0006
Name: Qrush, dtype: float64","17    0.0012
Name: Qmax, dtype: float64"
102,F18_19_2,18,19,2,12.0,"17    0.0006
Name: Qrush, dtype: float64","17    0.0012
Name: Qmax, dtype: float64"
103,F18_19_3,18,19,3,18.0,"17    0.0006
Name: Qrush, dtype: float64","17    0.0012
Name: Qmax, dtype: float64"
104,F18_19_4,18,19,4,24.0,"17    0.0006
Name: Qrush, dtype: float64","17    0.0012
Name: Qmax, dtype: float64"
105,F18_19_5,18,19,5,30.0,"17    0.0006
Name: Qrush, dtype: float64","17    0.0012
Name: Qmax, dtype: float64"
106,F18_19_6,18,19,6,36.0,"17    0.0006
Name: Qrush, dtype: float64","17    0.0012
Name: Qmax, dtype: float64"
107,F21_40_1,21,40,1,5.817,"20    0.014
Name: Qrush, dtype: float64","20    0.028
Name: Qmax, dtype: float64"
108,F21_40_2,21,40,2,11.633,"20    0.014
Name: Qrush, dtype: float64","20    0.028
Name: Qmax, dtype: float64"
109,F21_40_3,21,40,3,17.45,"20    0.014
Name: Qrush, dtype: float64","20    0.028
Name: Qmax, dtype: float64"
110,F21_40_4,21,40,4,23.267,"20    0.014
Name: Qrush, dtype: float64","20    0.028
Name: Qmax, dtype: float64"
111,F21_40_5,21,40,5,29.083,"20    0.014
Name: Qrush, dtype: float64","20    0.028
Name: Qmax, dtype: float64"
112,F40_46_1,40,46,1,6.1,"39    0.0172
Name: Qrush, dtype: float64","39    0.0344
Name: Qmax, dtype: float64"
113,F40_46_2,40,46,2,12.2,"39    0.0172
Name: Qrush, dtype: float64","39    0.0344
Name: Qmax, dtype: float64"
114,F40_46_3,40,46,3,18.3,"39    0.0172
Name: Qrush, dtype: float64","39    0.0344
Name: Qmax, dtype: float64"
115,F40_46_4,40,46,4,24.4,"39    0.0172
Name: Qrush, dtype: float64","39    0.0344
Name: Qmax, dtype: float64"
116,F40_46_5,40,46,5,30.5,"39    0.0172
Name: Qrush, dtype: float64","39    0.0344
Name: Qmax, dtype: float64"
117,F22_23_1,22,23,1,9.071,"21    0.002
Name: Qrush, dtype: float64","21    0.004
Name: Qmax, dtype: float64"
118,F22_23_2,22,23,2,18.143,"21    0.002
Name: Qrush, dtype: float64","21    0.004
Name: Qmax, dtype: float64"
119,F22_23_3,22,23,3,27.214,"21    0.002
Name: Qrush, dtype: float64","21    0.004
Name: Qmax, dtype: float64"
120,F22_23_4,22,23,4,36.286,"21    0.002
Name: Qrush, dtype: float64","21    0.004
Name: Qmax, dtype: float64"
121,F22_23_5,22,23,5,45.357,"21    0.002
Name: Qrush, dtype: float64","21    0.004
Name: Qmax, dtype: float64"
122,F22_23_6,22,23,6,54.429,"21    0.002
Name: Qrush, dtype: float64","21    0.004
Name: Qmax, dtype: float64"
123,F23_24_1,23,24,1,6.067,"22    0.0026
Name: Qrush, dtype: float64","22    0.0052
Name: Qmax, dtype: float64"
124,F23_24_2,23,24,2,12.133,"22    0.0026
Name: Qrush, dtype: float64","22    0.0052
Name: Qmax, dtype: float64"
125,F23_24_3,23,24,3,18.2,"22    0.0026
Name: Qrush, dtype: float64","22    0.0052
Name: Qmax, dtype: float64"
126,F23_24_4,23,24,4,24.267,"22    0.0026
Name: Qrush, dtype: float64","22    0.0052
Name: Qmax, dtype: float64"
127,F23_24_5,23,24,5,30.333,"22    0.0026
Name: Qrush, dtype: float64","22    0.0052
Name: Qmax, dtype: float64"
128,F24_26_1,24,26,1,5.667,"23    0.0031
Name: Qrush, dtype: float64","23    0.0062
Name: Qmax, dtype: float64"
129,F24_26_2,24,26,2,11.333,"23    0.0031
Name: Qrush, dtype: float64","23    0.0062
Name: Qmax, dtype: float64"
130,F24_26_3,24,26,3,17.0,"23    0.0031
Name: Qrush, dtype: float64","23    0.0062
Name: Qmax, dtype: float64"
131,F24_26_4,24,26,4,22.667,"23    0.0031
Name: Qrush, dtype: float64","23    0.0062
Name: Qmax, dtype: float64"
132,F24_26_5,24,26,5,28.333,"23    0.0031
Name: Qrush, dtype: float64","23    0.0062
Name: Qmax, dtype: float64"
133,F26_27_1,26,27,1,5.783,"25    0.0049
Name: Qrush, dtype: float64","25    0.0098
Name: Qmax, dtype: float64"
134,F26_27_2,26,27,2,11.567,"25    0.0049
Name: Qrush, dtype: float64","25    0.0098
Name: Qmax, dtype: float64"
135,F26_27_3,26,27,3,17.35,"25    0.0049
Name: Qrush, dtype: float64","25    0.0098
Name: Qmax, dtype: float64"
136,F26_27_4,26,27,4,23.133,"25    0.0049
Name: Qrush, dtype: float64","25    0.0098
Name: Qmax, dtype: float64"
137,F26_27_5,26,27,5,28.917,"25    0.0049
Name: Qrush, dtype: float64","25    0.0098
Name: Qmax, dtype: float64"
138,F25_26_1,25,26,1,8.814,"24    0.0011
Name: Qrush, dtype: float64","24    0.0022
Name: Qmax, dtype: float64"
139,F25_26_2,25,26,2,17.629,"24    0.0011
Name: Qrush, dtype: float64","24    0.0022
Name: Qmax, dtype: float64"
140,F25_26_3,25,26,3,26.443,"24    0.0011
Name: Qrush, dtype: float64","24    0.0022
Name: Qmax, dtype: float64"
141,F25_26_4,25,26,4,35.257,"24    0.0011
Name: Qrush, dtype: float64","24    0.0022
Name: Qmax, dtype: float64"
142,F25_26_5,25,26,5,44.071,"24    0.0011
Name: Qrush, dtype: float64","24    0.0022
Name: Qmax, dtype: float64"
143,F25_26_6,25,26,6,52.886,"24    0.0011
Name: Qrush, dtype: float64","24    0.0022
Name: Qmax, dtype: float64"
144,F27_32_1,27,32,1,5.75,"26    0.0056
Name: Qrush, dtype: float64","26    0.0112
Name: Qmax, dtype: float64"
145,F27_32_2,27,32,2,11.5,"26    0.0056
Name: Qrush, dtype: float64","26    0.0112
Name: Qmax, dtype: float64"
146,F27_32_3,27,32,3,17.25,"26    0.0056
Name: Qrush, dtype: float64","26    0.0112
Name: Qmax, dtype: float64"
147,F27_32_4,27,32,4,23.0,"26    0.0056
Name: Qrush, dtype: float64","26    0.0112
Name: Qmax, dtype: float64"
148,F27_32_5,27,32,5,28.75,"26    0.0056
Name: Qrush, dtype: float64","26    0.0112
Name: Qmax, dtype: float64"
149,F32_33_1,32,33,1,6.614,"31    0.0084
Name: Qrush, dtype: float64","31    0.0168
Name: Qmax, dtype: float64"
150,F32_33_2,32,33,2,13.229,"31    0.0084
Name: Qrush, dtype: float64","31    0.0168
Name: Qmax, dtype: float64"
151,F32_33_3,32,33,3,19.843,"31    0.0084
Name: Qrush, dtype: float64","31    0.0168
Name: Qmax, dtype: float64"
152,F32_33_4,32,33,4,26.457,"31    0.0084
Name: Qrush, dtype: float64","31    0.0168
Name: Qmax, dtype: float64"
153,F32_33_5,32,33,5,33.071,"31    0.0084
Name: Qrush, dtype: float64","31    0.0168
Name: Qmax, dtype: float64"
154,F32_33_6,32,33,6,39.686,"31    0.0084
Name: Qrush, dtype: float64","31    0.0168
Name: Qmax, dtype: float64"
155,F28_31_1,28,31,1,4.467,"27    0.0002
Name: Qrush, dtype: float64","27    0.0004
Name: Qmax, dtype: float64"
156,F28_31_2,28,31,2,8.933,"27    0.0002
Name: Qrush, dtype: float64","27    0.0004
Name: Qmax, dtype: float64"
157,F28_31_3,28,31,3,13.4,"27    0.0002
Name: Qrush, dtype: float64","27    0.0004
Name: Qmax, dtype: float64"
158,F28_31_4,28,31,4,17.867,"27    0.0002
Name: Qrush, dtype: float64","27    0.0004
Name: Qmax, dtype: float64"
159,F28_31_5,28,31,5,22.333,"27    0.0002
Name: Qrush, dtype: float64","27    0.0004
Name: Qmax, dtype: float64"
160,F31_32_1,31,32,1,6.433,"30    0.0022
Name: Qrush, dtype: float64","30    0.0044
Name: Qmax, dtype: float64"
161,F31_32_2,31,32,2,12.867,"30    0.0022
Name: Qrush, dtype: float64","30    0.0044
Name: Qmax, dtype: float64"
162,F31_32_3,31,32,3,19.3,"30    0.0022
Name: Qrush, dtype: float64","30    0.0044
Name: Qmax, dtype: float64"
163,F31_32_4,31,32,4,25.733,"30    0.0022
Name: Qrush, dtype: float64","30    0.0044
Name: Qmax, dtype: float64"
164,F31_32_5,31,32,5,32.167,"30    0.0022
Name: Qrush, dtype: float64","30    0.0044
Name: Qmax, dtype: float64"
165,F29_31_1,29,31,1,5.907,"28    0.001
Name: Qrush, dtype: float64","28    0.002
Name: Qmax, dtype: float64"
166,F29_31_2,29,31,2,11.814,"28    0.001
Name: Qrush, dtype: float64","28    0.002
Name: Qmax, dtype: float64"
167,F29_31_3,29,31,3,17.721,"28    0.001
Name: Qrush, dtype: float64","28    0.002
Name: Qmax, dtype: float64"
168,F29_31_4,29,31,4,23.629,"28    0.001
Name: Qrush, dtype: float64","28    0.002
Name: Qmax, dtype: float64"
169,F29_31_5,29,31,5,29.536,"28    0.001
Name: Qrush, dtype: float64","28    0.002
Name: Qmax, dtype: float64"
170,F29_31_6,29,31,6,35.443,"28    0.001
Name: Qrush, dtype: float64","28    0.002
Name: Qmax, dtype: float64"
171,F30_31_1,30,31,1,5.775,"29    0.0005
Name: Qrush, dtype: float64","29    0.001
Name: Qmax, dtype: float64"
172,F30_31_2,30,31,2,11.55,"29    0.0005
Name: Qrush, dtype: float64","29    0.001
Name: Qmax, dtype: float64"
173,F30_31_3,30,31,3,17.325,"29    0.0005
Name: Qrush, dtype: float64","29    0.001
Name: Qmax, dtype: float64"
174,F30_31_4,30,31,4,23.1,"29    0.0005
Name: Qrush, dtype: float64","29    0.001
Name: Qmax, dtype: float64"
175,F30_31_5,30,31,5,28.875,"29    0.0005
Name: Qrush, dtype: float64","29    0.001
Name: Qmax, dtype: float64"
176,F33_60_1,33,60,1,8.671,"32    0.0096
Name: Qrush, dtype: float64","32    0.0192
Name: Qmax, dtype: float64"
177,F33_60_2,33,60,2,17.343,"32    0.0096
Name: Qrush, dtype: float64","32    0.0192
Name: Qmax, dtype: float64"
178,F33_60_3,33,60,3,26.014,"32    0.0096
Name: Qrush, dtype: float64","32    0.0192
Name: Qmax, dtype: float64"
179,F33_60_4,33,60,4,34.686,"32    0.0096
Name: Qrush, dtype: float64","32    0.0192
Name: Qmax, dtype: float64"
180,F33_60_5,33,60,5,43.357,"32    0.0096
Name: Qrush, dtype: float64","32    0.0192
Name: Qmax, dtype: float64"
181,F33_60_6,33,60,6,52.029,"32    0.0096
Name: Qrush, dtype: float64","32    0.0192
Name: Qmax, dtype: float64"
182,F60_64_1,60,64,1,4.75,"59    0.0122
Name: Qrush, dtype: float64","59    0.0244
Name: Qmax, dtype: float64"
183,F60_64_2,60,64,2,9.5,"59    0.0122
Name: Qrush, dtype: float64","59    0.0244
Name: Qmax, dtype: float64"
184,F60_64_3,60,64,3,14.25,"59    0.0122
Name: Qrush, dtype: float64","59    0.0244
Name: Qmax, dtype: float64"
185,F60_64_4,60,64,4,19.0,"59    0.0122
Name: Qrush, dtype: float64","59    0.0244
Name: Qmax, dtype: float64"
186,F60_64_5,60,64,5,23.75,"59    0.0122
Name: Qrush, dtype: float64","59    0.0244
Name: Qmax, dtype: float64"
187,F34_36_1,34,36,1,8.619,"33    0.0012
Name: Qrush, dtype: float64","33    0.0024
Name: Qmax, dtype: float64"
188,F34_36_2,34,36,2,17.237,"33    0.0012
Name: Qrush, dtype: float64","33    0.0024
Name: Qmax, dtype: float64"
189,F34_36_3,34,36,3,25.856,"33    0.0012
Name: Qrush, dtype: float64","33    0.0024
Name: Qmax, dtype: float64"
190,F34_36_4,34,36,4,34.474,"33    0.0012
Name: Qrush, dtype: float64","33    0.0024
Name: Qmax, dtype: float64"
191,F34_36_5,34,36,5,43.093,"33    0.0012
Name: Qrush, dtype: float64","33    0.0024
Name: Qmax, dtype: float64"
192,F34_36_6,34,36,6,51.711,"33    0.0012
Name: Qrush, dtype: float64","33    0.0024
Name: Qmax, dtype: float64"
193,F36_37_1,36,37,1,4.972,"35    0.0018
Name: Qrush, dtype: float64","35    0.0036
Name: Qmax, dtype: float64"
194,F36_37_2,36,37,2,9.943,"35    0.0018
Name: Qrush, dtype: float64","35    0.0036
Name: Qmax, dtype: float64"
195,F36_37_3,36,37,3,14.915,"35    0.0018
Name: Qrush, dtype: float64","35    0.0036
Name: Qmax, dtype: float64"
196,F36_37_4,36,37,4,19.887,"35    0.0018
Name: Qrush, dtype: float64","35    0.0036
Name: Qmax, dtype: float64"
197,F36_37_5,36,37,5,24.858,"35    0.0018
Name: Qrush, dtype: float64","35    0.0036
Name: Qmax, dtype: float64"
198,F35_36_1,35,36,1,2.95,"34    0.0003
Name: Qrush, dtype: float64","34    0.0006
Name: Qmax, dtype: float64"
199,F35_36_2,35,36,2,5.9,"34    0.0003
Name: Qrush, dtype: float64","34    0.0006
Name: Qmax, dtype: float64"
200,F35_36_3,35,36,3,8.85,"34    0.0003
Name: Qrush, dtype: float64","34    0.0006
Name: Qmax, dtype: float64"
201,F35_36_4,35,36,4,11.8,"34    0.0003
Name: Qrush, dtype: float64","34    0.0006
Name: Qmax, dtype: float64"
202,F35_36_5,35,36,5,14.75,"34    0.0003
Name: Qrush, dtype: float64","34    0.0006
Name: Qmax, dtype: float64"
203,F39_40_1,39,40,1,7.497,"38    0.003
Name: Qrush, dtype: float64","38    0.006
Name: Qmax, dtype: float64"
204,F39_40_2,39,40,2,14.994,"38    0.003
Name: Qrush, dtype: float64","38    0.006
Name: Qmax, dtype: float64"
205,F39_40_3,39,40,3,22.491,"38    0.003
Name: Qrush, dtype: float64","38    0.006
Name: Qmax, dtype: float64"
206,F39_40_4,39,40,4,29.989,"38    0.003
Name: Qrush, dtype: float64","38    0.006
Name: Qmax, dtype: float64"
207,F39_40_5,39,40,5,37.486,"38    0.003
Name: Qrush, dtype: float64","38    0.006
Name: Qmax, dtype: float64"
208,F39_40_6,39,40,6,44.983,"38    0.003
Name: Qrush, dtype: float64","38    0.006
Name: Qmax, dtype: float64"
209,F38_39_1,38,39,1,3.75,"37    0.0003
Name: Qrush, dtype: float64","37    0.0006
Name: Qmax, dtype: float64"
210,F38_39_2,38,39,2,7.5,"37    0.0003
Name: Qrush, dtype: float64","37    0.0006
Name: Qmax, dtype: float64"
211,F38_39_3,38,39,3,11.25,"37    0.0003
Name: Qrush, dtype: float64","37    0.0006
Name: Qmax, dtype: float64"
212,F38_39_4,38,39,4,15.0,"37    0.0003
Name: Qrush, dtype: float64","37    0.0006
Name: Qmax, dtype: float64"
213,F38_39_5,38,39,5,18.75,"37    0.0003
Name: Qrush, dtype: float64","37    0.0006
Name: Qmax, dtype: float64"
214,F46_51_1,46,51,1,6.483,"45    0.0207
Name: Qrush, dtype: float64","45    0.0414
Name: Qmax, dtype: float64"
215,F46_51_2,46,51,2,12.967,"45    0.0207
Name: Qrush, dtype: float64","45    0.0414
Name: Qmax, dtype: float64"
216,F46_51_3,46,51,3,19.45,"45    0.0207
Name: Qrush, dtype: float64","45    0.0414
Name: Qmax, dtype: float64"
217,F46_51_4,46,51,4,25.933,"45    0.0207
Name: Qrush, dtype: float64","45    0.0414
Name: Qmax, dtype: float64"
218,F46_51_5,46,51,5,32.417,"45    0.0207
Name: Qrush, dtype: float64","45    0.0414
Name: Qmax, dtype: float64"
219,F41_42_1,41,42,1,8.071,"40    0.0013
Name: Qrush, dtype: float64","40    0.0026
Name: Qmax, dtype: float64"
220,F41_42_2,41,42,2,16.143,"40    0.0013
Name: Qrush, dtype: float64","40    0.0026
Name: Qmax, dtype: float64"
221,F41_42_3,41,42,3,24.214,"40    0.0013
Name: Qrush, dtype: float64","40    0.0026
Name: Qmax, dtype: float64"
222,F41_42_4,41,42,4,32.286,"40    0.0013
Name: Qrush, dtype: float64","40    0.0026
Name: Qmax, dtype: float64"
223,F41_42_5,41,42,5,40.357,"40    0.0013
Name: Qrush, dtype: float64","40    0.0026
Name: Qmax, dtype: float64"
224,F41_42_6,41,42,6,48.429,"40    0.0013
Name: Qrush, dtype: float64","40    0.0026
Name: Qmax, dtype: float64"
225,F42_45_1,42,45,1,5.458,"41    0.0017
Name: Qrush, dtype: float64","41    0.0034
Name: Qmax, dtype: float64"
226,F42_45_2,42,45,2,10.917,"41    0.0017
Name: Qrush, dtype: float64","41    0.0034
Name: Qmax, dtype: float64"
227,F42_45_3,42,45,3,16.375,"41    0.0017
Name: Qrush, dtype: float64","41    0.0034
Name: Qmax, dtype: float64"
228,F42_45_4,42,45,4,21.833,"41    0.0017
Name: Qrush, dtype: float64","41    0.0034
Name: Qmax, dtype: float64"
229,F42_45_5,42,45,5,27.292,"41    0.0017
Name: Qrush, dtype: float64","41    0.0034
Name: Qmax, dtype: float64"
230,F45_46_1,45,46,1,7.779,"44    0.0033
Name: Qrush, dtype: float64","44    0.0066
Name: Qmax, dtype: float64"
231,F45_46_2,45,46,2,15.557,"44    0.0033
Name: Qrush, dtype: float64","44    0.0066
Name: Qmax, dtype: float64"
232,F45_46_3,45,46,3,23.336,"44    0.0033
Name: Qrush, dtype: float64","44    0.0066
Name: Qmax, dtype: float64"
233,F45_46_4,45,46,4,31.114,"44    0.0033
Name: Qrush, dtype: float64","44    0.0066
Name: Qmax, dtype: float64"
234,F45_46_5,45,46,5,38.893,"44    0.0033
Name: Qrush, dtype: float64","44    0.0066
Name: Qmax, dtype: float64"
235,F45_46_6,45,46,6,46.671,"44    0.0033
Name: Qrush, dtype: float64","44    0.0066
Name: Qmax, dtype: float64"
236,F43_45_1,43,45,1,4.017,"42    0.0004
Name: Qrush, dtype: float64","42    0.0008
Name: Qmax, dtype: float64"
237,F43_45_2,43,45,2,8.033,"42    0.0004
Name: Qrush, dtype: float64","42    0.0008
Name: Qmax, dtype: float64"
238,F43_45_3,43,45,3,12.05,"42    0.0004
Name: Qrush, dtype: float64","42    0.0008
Name: Qmax, dtype: float64"
239,F43_45_4,43,45,4,16.067,"42    0.0004
Name: Qrush, dtype: float64","42    0.0008
Name: Qmax, dtype: float64"
240,F43_45_5,43,45,5,20.083,"42    0.0004
Name: Qrush, dtype: float64","42    0.0008
Name: Qmax, dtype: float64"
241,F44_45_1,44,45,1,4.633,"43    0.0004
Name: Qrush, dtype: float64","43    0.0008
Name: Qmax, dtype: float64"
242,F44_45_2,44,45,2,9.267,"43    0.0004
Name: Qrush, dtype: float64","43    0.0008
Name: Qmax, dtype: float64"
243,F44_45_3,44,45,3,13.9,"43    0.0004
Name: Qrush, dtype: float64","43    0.0008
Name: Qmax, dtype: float64"
244,F44_45_4,44,45,4,18.533,"43    0.0004
Name: Qrush, dtype: float64","43    0.0008
Name: Qmax, dtype: float64"
245,F44_45_5,44,45,5,23.167,"43    0.0004
Name: Qrush, dtype: float64","43    0.0008
Name: Qmax, dtype: float64"
246,F51_56_1,51,56,1,5.85,"50    0.0234
Name: Qrush, dtype: float64","50    0.0468
Name: Qmax, dtype: float64"
247,F51_56_2,51,56,2,11.7,"50    0.0234
Name: Qrush, dtype: float64","50    0.0468
Name: Qmax, dtype: float64"
248,F51_56_3,51,56,3,17.55,"50    0.0234
Name: Qrush, dtype: float64","50    0.0468
Name: Qmax, dtype: float64"
249,F51_56_4,51,56,4,23.4,"50    0.0234
Name: Qrush, dtype: float64","50    0.0468
Name: Qmax, dtype: float64"
250,F51_56_5,51,56,5,29.25,"50    0.0234
Name: Qrush, dtype: float64","50    0.0468
Name: Qmax, dtype: float64"
251,F47_48_1,47,48,1,6.314,"46    0.0009
Name: Qrush, dtype: float64","46    0.0018
Name: Qmax, dtype: float64"
252,F47_48_2,47,48,2,12.629,"46    0.0009
Name: Qrush, dtype: float64","46    0.0018
Name: Qmax, dtype: float64"
253,F47_48_3,47,48,3,18.943,"46    0.0009
Name: Qrush, dtype: float64","46    0.0018
Name: Qmax, dtype: float64"
254,F47_48_4,47,48,4,25.257,"46    0.0009
Name: Qrush, dtype: float64","46    0.0018
Name: Qmax, dtype: float64"
255,F47_48_5,47,48,5,31.571,"46    0.0009
Name: Qrush, dtype: float64","46    0.0018
Name: Qmax, dtype: float64"
256,F47_48_6,47,48,6,37.886,"46    0.0009
Name: Qrush, dtype: float64","46    0.0018
Name: Qmax, dtype: float64"
257,F48_50_1,48,50,1,5.583,"47    0.0013
Name: Qrush, dtype: float64","47    0.0026
Name: Qmax, dtype: float64"
258,F48_50_2,48,50,2,11.167,"47    0.0013
Name: Qrush, dtype: float64","47    0.0026
Name: Qmax, dtype: float64"
259,F48_50_3,48,50,3,16.75,"47    0.0013
Name: Qrush, dtype: float64","47    0.0026
Name: Qmax, dtype: float64"
260,F48_50_4,48,50,4,22.333,"47    0.0013
Name: Qrush, dtype: float64","47    0.0026
Name: Qmax, dtype: float64"
261,F48_50_5,48,50,5,27.917,"47    0.0013
Name: Qrush, dtype: float64","47    0.0026
Name: Qmax, dtype: float64"
262,F50_51_1,50,51,1,7.5,"49    0.0025
Name: Qrush, dtype: float64","49    0.005
Name: Qmax, dtype: float64"
263,F50_51_2,50,51,2,15.0,"49    0.0025
Name: Qrush, dtype: float64","49    0.005
Name: Qmax, dtype: float64"
264,F50_51_3,50,51,3,22.5,"49    0.0025
Name: Qrush, dtype: float64","49    0.005
Name: Qmax, dtype: float64"
265,F50_51_4,50,51,4,30.0,"49    0.0025
Name: Qrush, dtype: float64","49    0.005
Name: Qmax, dtype: float64"
266,F50_51_5,50,51,5,37.5,"49    0.0025
Name: Qrush, dtype: float64","49    0.005
Name: Qmax, dtype: float64"
267,F50_51_6,50,51,6,45.0,"49    0.0025
Name: Qrush, dtype: float64","49    0.005
Name: Qmax, dtype: float64"
268,F49_50_1,49,50,1,3.017,"48    0.0003
Name: Qrush, dtype: float64","48    0.0006
Name: Qmax, dtype: float64"
269,F49_50_2,49,50,2,6.033,"48    0.0003
Name: Qrush, dtype: float64","48    0.0006
Name: Qmax, dtype: float64"
270,F49_50_3,49,50,3,9.05,"48    0.0003
Name: Qrush, dtype: float64","48    0.0006
Name: Qmax, dtype: float64"
271,F49_50_4,49,50,4,12.067,"48    0.0003
Name: Qrush, dtype: float64","48    0.0006
Name: Qmax, dtype: float64"
272,F49_50_5,49,50,5,15.083,"48    0.0003
Name: Qrush, dtype: float64","48    0.0006
Name: Qmax, dtype: float64"
273,F56_65_1,56,65,1,2.25,"55    0.0259
Name: Qrush, dtype: float64","55    0.0518
Name: Qmax, dtype: float64"
274,F56_65_2,56,65,2,4.5,"55    0.0259
Name: Qrush, dtype: float64","55    0.0518
Name: Qmax, dtype: float64"
275,F52_53_1,52,53,1,7.75,"51    0.0012
Name: Qrush, dtype: float64","51    0.0024
Name: Qmax, dtype: float64"
276,F52_53_2,52,53,2,15.5,"51    0.0012
Name: Qrush, dtype: float64","51    0.0024
Name: Qmax, dtype: float64"
277,F52_53_3,52,53,3,23.25,"51    0.0012
Name: Qrush, dtype: float64","51    0.0024
Name: Qmax, dtype: float64"
278,F52_53_4,52,53,4,31.0,"51    0.0012
Name: Qrush, dtype: float64","51    0.0024
Name: Qmax, dtype: float64"
279,F52_53_5,52,53,5,38.75,"51    0.0012
Name: Qrush, dtype: float64","51    0.0024
Name: Qmax, dtype: float64"
280,F52_53_6,52,53,6,46.5,"51    0.0012
Name: Qrush, dtype: float64","51    0.0024
Name: Qmax, dtype: float64"
281,F53_54_1,53,54,1,1.95,"52    0.0012
Name: Qrush, dtype: float64","52    0.0024
Name: Qmax, dtype: float64"
282,F53_54_2,53,54,2,3.9,"52    0.0012
Name: Qrush, dtype: float64","52    0.0024
Name: Qmax, dtype: float64"
283,F54_55_1,54,55,1,4.492,"53    0.0015
Name: Qrush, dtype: float64","53    0.003
Name: Qmax, dtype: float64"
284,F54_55_2,54,55,2,8.983,"53    0.0015
Name: Qrush, dtype: float64","53    0.003
Name: Qmax, dtype: float64"
285,F54_55_3,54,55,3,13.475,"53    0.0015
Name: Qrush, dtype: float64","53    0.003
Name: Qmax, dtype: float64"
286,F54_55_4,54,55,4,17.967,"53    0.0015
Name: Qrush, dtype: float64","53    0.003
Name: Qmax, dtype: float64"
287,F54_55_5,54,55,5,22.458,"53    0.0015
Name: Qrush, dtype: float64","53    0.003
Name: Qmax, dtype: float64"
288,F55_56_1,55,56,1,7.421,"54    0.0025
Name: Qrush, dtype: float64","54    0.005
Name: Qmax, dtype: float64"
289,F55_56_2,55,56,2,14.843,"54    0.0025
Name: Qrush, dtype: float64","54    0.005
Name: Qmax, dtype: float64"
290,F55_56_3,55,56,3,22.264,"54    0.0025
Name: Qrush, dtype: float64","54    0.005
Name: Qmax, dtype: float64"
291,F55_56_4,55,56,4,29.686,"54    0.0025
Name: Qrush, dtype: float64","54    0.005
Name: Qmax, dtype: float64"
292,F55_56_5,55,56,5,37.107,"54    0.0025
Name: Qrush, dtype: float64","54    0.005
Name: Qmax, dtype: float64"
293,F55_56_6,55,56,6,44.529,"54    0.0025
Name: Qrush, dtype: float64","54    0.005
Name: Qmax, dtype: float64"
294,F65_66_1,65,66,1,6.417,"64    0.0261
Name: Qrush, dtype: float64","64    0.0522
Name: Qmax, dtype: float64"
295,F65_66_2,65,66,2,12.833,"64    0.0261
Name: Qrush, dtype: float64","64    0.0522
Name: Qmax, dtype: float64"
296,F65_66_3,65,66,3,19.25,"64    0.0261
Name: Qrush, dtype: float64","64    0.0522
Name: Qmax, dtype: float64"
297,F65_66_4,65,66,4,25.667,"64    0.0261
Name: Qrush, dtype: float64","64    0.0522
Name: Qmax, dtype: float64"
298,F65_66_5,65,66,5,32.083,"64    0.0261
Name: Qrush, dtype: float64","64    0.0522
Name: Qmax, dtype: float64"
299,F57_60_1,57,60,1,5.717,"56    0.0006
Name: Qrush, dtype: float64","56    0.0012
Name: Qmax, dtype: float64"
300,F57_60_2,57,60,2,11.433,"56    0.0006
Name: Qrush, dtype: float64","56    0.0012
Name: Qmax, dtype: float64"
301,F57_60_3,57,60,3,17.15,"56    0.0006
Name: Qrush, dtype: float64","56    0.0012
Name: Qmax, dtype: float64"
302,F57_60_4,57,60,4,22.867,"56    0.0006
Name: Qrush, dtype: float64","56    0.0012
Name: Qmax, dtype: float64"
303,F57_60_5,57,60,5,28.583,"56    0.0006
Name: Qrush, dtype: float64","56    0.0012
Name: Qmax, dtype: float64"
304,F58_59_1,58,59,1,5.808,"57    0.0009
Name: Qrush, dtype: float64","57    0.0018
Name: Qmax, dtype: float64"
305,F58_59_2,58,59,2,11.617,"57    0.0009
Name: Qrush, dtype: float64","57    0.0018
Name: Qmax, dtype: float64"
306,F58_59_3,58,59,3,17.425,"57    0.0009
Name: Qrush, dtype: float64","57    0.0018
Name: Qmax, dtype: float64"
307,F58_59_4,58,59,4,23.233,"57    0.0009
Name: Qrush, dtype: float64","57    0.0018
Name: Qmax, dtype: float64"
308,F58_59_5,58,59,5,29.042,"57    0.0009
Name: Qrush, dtype: float64","57    0.0018
Name: Qmax, dtype: float64"
309,F59_60_1,59,60,1,5.525,"58    0.0016
Name: Qrush, dtype: float64","58    0.0032
Name: Qmax, dtype: float64"
310,F59_60_2,59,60,2,11.05,"58    0.0016
Name: Qrush, dtype: float64","58    0.0032
Name: Qmax, dtype: float64"
311,F59_60_3,59,60,3,16.575,"58    0.0016
Name: Qrush, dtype: float64","58    0.0032
Name: Qmax, dtype: float64"
312,F59_60_4,59,60,4,22.1,"58    0.0016
Name: Qrush, dtype: float64","58    0.0032
Name: Qmax, dtype: float64"
313,F59_60_5,59,60,5,27.625,"58    0.0016
Name: Qrush, dtype: float64","58    0.0032
Name: Qmax, dtype: float64"
314,F64_66_1,64,66,1,7.771,"63    0.0152
Name: Qrush, dtype: float64","63    0.0304
Name: Qmax, dtype: float64"
315,F64_66_2,64,66,2,15.543,"63    0.0152
Name: Qrush, dtype: float64","63    0.0304
Name: Qmax, dtype: float64"
316,F64_66_3,64,66,3,23.314,"63    0.0152
Name: Qrush, dtype: float64","63    0.0304
Name: Qmax, dtype: float64"
317,F64_66_4,64,66,4,31.086,"63    0.0152
Name: Qrush, dtype: float64","63    0.0304
Name: Qmax, dtype: float64"
318,F64_66_5,64,66,5,38.857,"63    0.0152
Name: Qrush, dtype: float64","63    0.0304
Name: Qmax, dtype: float64"
319,F64_66_6,64,66,6,46.629,"63    0.0152
Name: Qrush, dtype: float64","63    0.0304
Name: Qmax, dtype: float64"
320,F61_64_1,61,64,1,5.35,"60    0.0007
Name: Qrush, dtype: float64","60    0.0014
Name: Qmax, dtype: float64"
321,F61_64_2,61,64,2,10.7,"60    0.0007
Name: Qrush, dtype: float64","60    0.0014
Name: Qmax, dtype: float64"
322,F61_64_3,61,64,3,16.05,"60    0.0007
Name: Qrush, dtype: float64","60    0.0014
Name: Qmax, dtype: float64"
323,F61_64_4,61,64,4,21.4,"60    0.0007
Name: Qrush, dtype: float64","60    0.0014
Name: Qmax, dtype: float64"
324,F61_64_5,61,64,5,26.75,"60    0.0007
Name: Qrush, dtype: float64","60    0.0014
Name: Qmax, dtype: float64"
325,F62_63_1,62,63,1,5.9,"61    0.0011
Name: Qrush, dtype: float64","61    0.0022
Name: Qmax, dtype: float64"
326,F62_63_2,62,63,2,11.8,"61    0.0011
Name: Qrush, dtype: float64","61    0.0022
Name: Qmax, dtype: float64"
327,F62_63_3,62,63,3,17.7,"61    0.0011
Name: Qrush, dtype: float64","61    0.0022
Name: Qmax, dtype: float64"
328,F62_63_4,62,63,4,23.6,"61    0.0011
Name: Qrush, dtype: float64","61    0.0022
Name: Qmax, dtype: float64"
329,F62_63_5,62,63,5,29.5,"61    0.0011
Name: Qrush, dtype: float64","61    0.0022
Name: Qmax, dtype: float64"
330,F63_64_1,63,64,1,4.6,"62    0.0016
Name: Qrush, dtype: float64","62    0.0032
Name: Qmax, dtype: float64"
331,F63_64_2,63,64,2,9.2,"62    0.0016
Name: Qrush, dtype: float64","62    0.0032
Name: Qmax, dtype: float64"
332,F63_64_3,63,64,3,13.8,"62    0.0016
Name: Qrush, dtype: float64","62    0.0032
Name: Qmax, dtype: float64"
333,F63_64_4,63,64,4,18.4,"62    0.0016
Name: Qrush, dtype: float64","62    0.0032
Name: Qmax, dtype: float64"
334,F63_64_5,63,64,5,23.0,"62    0.0016
Name: Qrush, dtype: float64","62    0.0032
Name: Qmax, dtype: float64"
335,F66_67_1,66,67,1,5.886,"65    0.0419
Name: Qrush, dtype: float64","65    0.0838
Name: Qmax, dtype: float64"
336,F66_67_2,66,67,2,11.771,"65    0.0419
Name: Qrush, dtype: float64","65    0.0838
Name: Qmax, dtype: float64"
337,F66_67_3,66,67,3,17.657,"65    0.0419
Name: Qrush, dtype: float64","65    0.0838
Name: Qmax, dtype: float64"
338,F66_67_4,66,67,4,23.543,"65    0.0419
Name: Qrush, dtype: float64","65    0.0838
Name: Qmax, dtype: float64"
339,F66_67_5,66,67,5,29.429,"65    0.0419
Name: Qrush, dtype: float64","65    0.0838
Name: Qmax, dtype: float64"
340,F66_67_6,66,67,6,35.314,"65    0.0419
Name: Qrush, dtype: float64","65    0.0838
Name: Qmax, dtype: float64"
341,F67_72_1,67,72,1,6.317,"66    0.0424
Name: Qrush, dtype: float64","66    0.0848
Name: Qmax, dtype: float64"
342,F67_72_2,67,72,2,12.633,"66    0.0424
Name: Qrush, dtype: float64","66    0.0848
Name: Qmax, dtype: float64"
343,F67_72_3,67,72,3,18.95,"66    0.0424
Name: Qrush, dtype: float64","66    0.0848
Name: Qmax, dtype: float64"
344,F67_72_4,67,72,4,25.267,"66    0.0424
Name: Qrush, dtype: float64","66    0.0848
Name: Qmax, dtype: float64"
345,F67_72_5,67,72,5,31.583,"66    0.0424
Name: Qrush, dtype: float64","66    0.0848
Name: Qmax, dtype: float64"
346,F72_73_1,72,73,1,5.1,"71    0.0449
Name: Qrush, dtype: float64","71    0.0898
Name: Qmax, dtype: float64"
347,F72_73_2,72,73,2,10.2,"71    0.0449
Name: Qrush, dtype: float64","71    0.0898
Name: Qmax, dtype: float64"
348,F72_73_3,72,73,3,15.3,"71    0.0449
Name: Qrush, dtype: float64","71    0.0898
Name: Qmax, dtype: float64"
349,F72_73_4,72,73,4,20.4,"71    0.0449
Name: Qrush, dtype: float64","71    0.0898
Name: Qmax, dtype: float64"
350,F72_73_5,72,73,5,25.5,"71    0.0449
Name: Qrush, dtype: float64","71    0.0898
Name: Qmax, dtype: float64"
351,F68_69_1,68,69,1,8.814,"67    0.002
Name: Qrush, dtype: float64","67    0.004
Name: Qmax, dtype: float64"
352,F68_69_2,68,69,2,17.629,"67    0.002
Name: Qrush, dtype: float64","67    0.004
Name: Qmax, dtype: float64"
353,F68_69_3,68,69,3,26.443,"67    0.002
Name: Qrush, dtype: float64","67    0.004
Name: Qmax, dtype: float64"
354,F68_69_4,68,69,4,35.257,"67    0.002
Name: Qrush, dtype: float64","67    0.004
Name: Qmax, dtype: float64"
355,F68_69_5,68,69,5,44.071,"67    0.002
Name: Qrush, dtype: float64","67    0.004
Name: Qmax, dtype: float64"
356,F68_69_6,68,69,6,52.886,"67    0.002
Name: Qrush, dtype: float64","67    0.004
Name: Qmax, dtype: float64"
357,F69_70_1,69,70,1,4.075,"68    0.0021
Name: Qrush, dtype: float64","68    0.0042
Name: Qmax, dtype: float64"
358,F69_70_2,69,70,2,8.15,"68    0.0021
Name: Qrush, dtype: float64","68    0.0042
Name: Qmax, dtype: float64"
359,F69_70_3,69,70,3,12.225,"68    0.0021
Name: Qrush, dtype: float64","68    0.0042
Name: Qmax, dtype: float64"
360,F69_70_4,69,70,4,16.3,"68    0.0021
Name: Qrush, dtype: float64","68    0.0042
Name: Qmax, dtype: float64"
361,F69_70_5,69,70,5,20.375,"68    0.0021
Name: Qrush, dtype: float64","68    0.0042
Name: Qmax, dtype: float64"
362,F70_71_1,70,71,1,6.286,"69    0.0025
Name: Qrush, dtype: float64","69    0.005
Name: Qmax, dtype: float64"
363,F70_71_2,70,71,2,12.571,"69    0.0025
Name: Qrush, dtype: float64","69    0.005
Name: Qmax, dtype: float64"
364,F70_71_3,70,71,3,18.857,"69    0.0025
Name: Qrush, dtype: float64","69    0.005
Name: Qmax, dtype: float64"
365,F70_71_4,70,71,4,25.143,"69    0.0025
Name: Qrush, dtype: float64","69    0.005
Name: Qmax, dtype: float64"
366,F70_71_5,70,71,5,31.429,"69    0.0025
Name: Qrush, dtype: float64","69    0.005
Name: Qmax, dtype: float64"
367,F70_71_6,70,71,6,37.714,"69    0.0025
Name: Qrush, dtype: float64","69    0.005
Name: Qmax, dtype: float64"
368,F71_72_1,71,72,1,2.167,"70    0.0025
Name: Qrush, dtype: float64","70    0.005
Name: Qmax, dtype: float64"
369,F71_72_2,71,72,2,4.333,"70    0.0025
Name: Qrush, dtype: float64","70    0.005
Name: Qmax, dtype: float64"
370,F73_74_1,73,74,1,5.6,"72    0.0449
Name: Qrush, dtype: float64","72    0.0898
Name: Qmax, dtype: float64"
371,F73_74_2,73,74,2,11.2,"72    0.0449
Name: Qrush, dtype: float64","72    0.0898
Name: Qmax, dtype: float64"
372,F73_74_3,73,74,3,16.8,"72    0.0449
Name: Qrush, dtype: float64","72    0.0898
Name: Qmax, dtype: float64"
373,F73_74_4,73,74,4,22.4,"72    0.0449
Name: Qrush, dtype: float64","72    0.0898
Name: Qmax, dtype: float64"
374,F73_74_5,73,74,5,28.0,"72    0.0449
Name: Qrush, dtype: float64","72    0.0898
Name: Qmax, dtype: float64"
375,F74_77_1,74,77,1,6.267,"73    0.0449
Name: Qrush, dtype: float64","73    0.0898
Name: Qmax, dtype: float64"
376,F74_77_2,74,77,2,12.533,"73    0.0449
Name: Qrush, dtype: float64","73    0.0898
Name: Qmax, dtype: float64"
377,F74_77_3,74,77,3,18.8,"73    0.0449
Name: Qrush, dtype: float64","73    0.0898
Name: Qmax, dtype: float64"
378,F74_77_4,74,77,4,25.067,"73    0.0449
Name: Qrush, dtype: float64","73    0.0898
Name: Qmax, dtype: float64"
379,F74_77_5,74,77,5,31.333,"73    0.0449
Name: Qrush, dtype: float64","73    0.0898
Name: Qmax, dtype: float64"
380,F77_78_1,77,78,1,4.933,"76    0.0474
Name: Qrush, dtype: float64","76    0.0948
Name: Qmax, dtype: float64"
381,F77_78_2,77,78,2,9.867,"76    0.0474
Name: Qrush, dtype: float64","76    0.0948
Name: Qmax, dtype: float64"
382,F77_78_3,77,78,3,14.8,"76    0.0474
Name: Qrush, dtype: float64","76    0.0948
Name: Qmax, dtype: float64"
383,F77_78_4,77,78,4,19.733,"76    0.0474
Name: Qrush, dtype: float64","76    0.0948
Name: Qmax, dtype: float64"
384,F77_78_5,77,78,5,24.667,"76    0.0474
Name: Qrush, dtype: float64","76    0.0948
Name: Qmax, dtype: float64"
385,F75_76_1,75,76,1,7.529,"74    0.0019
Name: Qrush, dtype: float64","74    0.0038
Name: Qmax, dtype: float64"
386,F75_76_2,75,76,2,15.057,"74    0.0019
Name: Qrush, dtype: float64","74    0.0038
Name: Qmax, dtype: float64"
387,F75_76_3,75,76,3,22.586,"74    0.0019
Name: Qrush, dtype: float64","74    0.0038
Name: Qmax, dtype: float64"
388,F75_76_4,75,76,4,30.114,"74    0.0019
Name: Qrush, dtype: float64","74    0.0038
Name: Qmax, dtype: float64"
389,F75_76_5,75,76,5,37.643,"74    0.0019
Name: Qrush, dtype: float64","74    0.0038
Name: Qmax, dtype: float64"
390,F75_76_6,75,76,6,45.171,"74    0.0019
Name: Qrush, dtype: float64","74    0.0038
Name: Qmax, dtype: float64"
391,F76_77_1,76,77,1,7.471,"75    0.0023
Name: Qrush, dtype: float64","75    0.0046
Name: Qmax, dtype: float64"
392,F76_77_2,76,77,2,14.943,"75    0.0023
Name: Qrush, dtype: float64","75    0.0046
Name: Qmax, dtype: float64"
393,F76_77_3,76,77,3,22.414,"75    0.0023
Name: Qrush, dtype: float64","75    0.0046
Name: Qmax, dtype: float64"
394,F76_77_4,76,77,4,29.886,"75    0.0023
Name: Qrush, dtype: float64","75    0.0046
Name: Qmax, dtype: float64"
395,F76_77_5,76,77,5,37.357,"75    0.0023
Name: Qrush, dtype: float64","75    0.0046
Name: Qmax, dtype: float64"
396,F76_77_6,76,77,6,44.829,"75    0.0023
Name: Qrush, dtype: float64","75    0.0046
Name: Qmax, dtype: float64"
